"title","author","tags"
"Author identification data mining challenge on Analytics Vidhya data","Kunal Jain","classification challenge"
"Author identification data mining challenge on Analytics Vidhya data","Kunal Jain","data mining challenge"
"Author identification data mining challenge on Analytics Vidhya data","Kunal Jain","Predictive modeling"
"Author identification data mining challenge on Analytics Vidhya data","Kunal Jain","text mining"
"Performing exploratory analysis in Python (using Pandas)","Kunal Jain","data exploration"
"Performing exploratory analysis in Python (using Pandas)","Kunal Jain","data mining"
"Performing exploratory analysis in Python (using Pandas)","Kunal Jain","kaggle"
"Performing exploratory analysis in Python (using Pandas)","Kunal Jain","pandas"
"Performing exploratory analysis in Python (using Pandas)","Kunal Jain","python"
"Performing exploratory analysis in Python (using Pandas)","Kunal Jain","statistics"
"Performing exploratory analysis in Python (using Pandas)","Kunal Jain","titanic survival"
"A Big Data Course with a ‘Big’ Difference","Kunal Jain","Big data"
"A Big Data Course with a ‘Big’ Difference","Kunal Jain","Hadoop"
"A Big Data Course with a ‘Big’ Difference","Kunal Jain","jigsaw academy"
"A Big Data Course with a ‘Big’ Difference","Kunal Jain","R"
"A Big Data Course with a ‘Big’ Difference","Kunal Jain","Wiley"
"Review: Qlik Sense Desktop - Is this the next gen visualization tool you need?","Kunal Jain","Business Inteliigence"
"Review: Qlik Sense Desktop - Is this the next gen visualization tool you need?","Kunal Jain","Product release"
"Review: Qlik Sense Desktop - Is this the next gen visualization tool you need?","Kunal Jain","Qlik Sense"
"Review: Qlik Sense Desktop - Is this the next gen visualization tool you need?","Kunal Jain","QlikTech"
"Review: Qlik Sense Desktop - Is this the next gen visualization tool you need?","Kunal Jain","Qlikview"
"Review: Qlik Sense Desktop - Is this the next gen visualization tool you need?","Kunal Jain","visualization"
"Using statistics: How to understand population distributions?","Kunal Jain","histogram"
"Using statistics: How to understand population distributions?","Kunal Jain","mean"
"Using statistics: How to understand population distributions?","Kunal Jain","median"
"Using statistics: How to understand population distributions?","Kunal Jain","mode"
"Using statistics: How to understand population distributions?","Kunal Jain","standard deciation"
"Using statistics: How to understand population distributions?","Kunal Jain","statistics"
"Director - Sales & Business Development - Analytics (10-16 yrs)","Kunal Jain","Analytics"
"Director - Sales & Business Development - Analytics (10-16 yrs)","Kunal Jain","Business Analytics"
"Director - Sales & Business Development - Analytics (10-16 yrs)","Kunal Jain","business development"
"Baby steps in Python - Libraries and data structures","Kunal Jain","data structure"
"Baby steps in Python - Libraries and data structures","Kunal Jain","dataframes"
"Baby steps in Python - Libraries and data structures","Kunal Jain","dictionary"
"Baby steps in Python - Libraries and data structures","Kunal Jain","python"
"Baby steps in Python - Libraries and data structures","Kunal Jain","string"
"Baby steps in Python - Libraries and data structures","Kunal Jain","tuple"
"The definitive guide to prepare for analytics interview","Kunal Jain","analytics interview"
"The definitive guide to prepare for analytics interview","Kunal Jain","case study"
"The definitive guide to prepare for analytics interview","Kunal Jain","guess estimates"
"The definitive guide to prepare for analytics interview","Kunal Jain","interview"
"The definitive guide to prepare for analytics interview","Kunal Jain","interview guide"
"Baby steps in learning Python for data analysis","Kunal Jain","installing python"
"Baby steps in learning Python for data analysis","Kunal Jain","ipython"
"Baby steps in learning Python for data analysis","Kunal Jain","logistic regression"
"Baby steps in learning Python for data analysis","Kunal Jain","python"
"Baby steps in learning Python for data analysis","Kunal Jain","python tutorial"
"Baby steps in learning Python for data analysis","Kunal Jain","starting python"
"What is deep learning and why is it getting so much attention?","Kunal Jain","deep learning"
"What is deep learning and why is it getting so much attention?","Kunal Jain","image recognition"
"What is deep learning and why is it getting so much attention?","Kunal Jain","neural networks"
"What is deep learning and why is it getting so much attention?","Kunal Jain","pattern recognition"
"What is deep learning and why is it getting so much attention?","Kunal Jain","unsupervised learning"
"SAS Analytics U launched by SAS as a free version - Our review","Kunal Jain","free version"
"SAS Analytics U launched by SAS as a free version - Our review","Kunal Jain","Review"
"SAS Analytics U launched by SAS as a free version - Our review","Kunal Jain","SAS"
"SAS Analytics U launched by SAS as a free version - Our review","Kunal Jain","SAS Analytics U"
"Analytics Vidhya Apprentice - programme to graduate with recognition for your knowledge!","Kunal Jain","Analytics Vidhya Apprentice"
"Analytics Vidhya Apprentice - programme to graduate with recognition for your knowledge!","Kunal Jain","Apprentice"
"Analytics Vidhya Apprentice - programme to graduate with recognition for your knowledge!","Kunal Jain","recognition"
"Analytics Vidhya Apprentice - programme to graduate with recognition for your knowledge!","Kunal Jain","training"
"The lack of analytics work experience and how to overcome it?","Kunal Jain","freshers"
"The lack of analytics work experience and how to overcome it?","Kunal Jain","interview"
"The lack of analytics work experience and how to overcome it?","Kunal Jain","non-experienced"
"The lack of analytics work experience and how to overcome it?","Kunal Jain","shifting career"
"9 best practices for analytics talent management","Kunal Jain","career"
"9 best practices for analytics talent management","Kunal Jain","progression"
"9 best practices for analytics talent management","Kunal Jain","talanet management"
"Planning a late career shift to Analytics / Big data? Better be prepared!","Kunal Jain","Analytics"
"Planning a late career shift to Analytics / Big data? Better be prepared!","Kunal Jain","Big data"
"Planning a late career shift to Analytics / Big data? Better be prepared!","Kunal Jain","career"
"Planning a late career shift to Analytics / Big data? Better be prepared!","Kunal Jain","career shift"
"Lead / Assistant Manager, Web Analytics, Policybazaar, Gurgaon","Kunal Jain","eCommerce"
"Lead / Assistant Manager, Web Analytics, Policybazaar, Gurgaon","Kunal Jain","google analytics"
"Lead / Assistant Manager, Web Analytics, Policybazaar, Gurgaon","Kunal Jain","insurance"
"Lead / Assistant Manager, Web Analytics, Policybazaar, Gurgaon","Kunal Jain","web analytics"
"Manager / Sr. Manager, Policybazaar, Gurgaon","Kunal Jain","Analytics"
"Manager / Sr. Manager, Policybazaar, Gurgaon","Kunal Jain","e-commerce"
"Manager / Sr. Manager, Policybazaar, Gurgaon","Kunal Jain","insurance"
"Manager / Sr. Manager, Policybazaar, Gurgaon","Kunal Jain","jobs"
"Analytics events in 2014 - India and abroad","Kunal Jain","Analytics"
"Analytics events in 2014 - India and abroad","Kunal Jain","conference"
"Analytics events in 2014 - India and abroad","Kunal Jain","event"
"Analytics events in 2014 - India and abroad","Kunal Jain","intellingence"
"Leader - Data Science, Bangalore (15+ years experience)","Kunal Jain","bangalore"
"Leader - Data Science, Bangalore (15+ years experience)","Kunal Jain","data scientist"
"Leader - Data Science, Bangalore (15+ years experience)","Kunal Jain","india"
"Leader - Data Science, Bangalore (15+ years experience)","Kunal Jain","job"
"Analytics Training recommendation - Tutorials from PyCon 2014 - USA","Kunal Jain","Analytics training"
"Analytics Training recommendation - Tutorials from PyCon 2014 - USA","Kunal Jain","conference"
"Analytics Training recommendation - Tutorials from PyCon 2014 - USA","Kunal Jain","event"
"Analytics Training recommendation - Tutorials from PyCon 2014 - USA","Kunal Jain","python"
"Analytics Training recommendation - Tutorials from PyCon 2014 - USA","Kunal Jain","training"
"Analytics Training recommendation - Tutorials from PyCon 2014 - USA","Kunal Jain","tutorial"
"Manager-Big Data Analytics, Bangalore (3 - 6 yrs experience)","Kunal Jain","Big data"
"Manager-Big Data Analytics, Bangalore (3 - 6 yrs experience)","Kunal Jain","big data analytics"
"Manager-Big Data Analytics, Bangalore (3 - 6 yrs experience)","Kunal Jain","Hadoop"
"Manager-Big Data Analytics, Bangalore (3 - 6 yrs experience)","Kunal Jain","job"
"Data Mining Scientist - Videology, Baltimore, MD","Kunal Jain","data mining"
"Data Mining Scientist - Videology, Baltimore, MD","Kunal Jain","data scientist"
"Data Mining Scientist - Videology, Baltimore, MD","Kunal Jain","digital"
"Data Mining Scientist - Videology, Baltimore, MD","Kunal Jain","job"
"We just turned 1! - Analytics Vidhya Anniversary","Kunal Jain","Analytics"
"We just turned 1! - Analytics Vidhya Anniversary","Kunal Jain","anniversary"
"We just turned 1! - Analytics Vidhya Anniversary","Kunal Jain","best articles"
"We just turned 1! - Analytics Vidhya Anniversary","Kunal Jain","coming up"
"We just turned 1! - Analytics Vidhya Anniversary","Kunal Jain","job"
"We just turned 1! - Analytics Vidhya Anniversary","Kunal Jain","training"
"The importance of context for an analyst!","Kunal Jain","Business Analytics"
"The importance of context for an analyst!","Kunal Jain","Business Intelligence"
"The importance of context for an analyst!","Kunal Jain","Dashboard"
"The importance of context for an analyst!","Kunal Jain","modeling"
"The importance of context for an analyst!","Kunal Jain","presentation"
"The importance of context for an analyst!","Kunal Jain","representation"
"Technical Consultant - Web Analytics","Kunal Jain","job"
"Technical Consultant - Web Analytics","Kunal Jain","Omniture"
"Technical Consultant - Web Analytics","Kunal Jain","online marketing"
"Technical Consultant - Web Analytics","Kunal Jain","web analytics"
"8 rules for new age analytics learning!","Kunal Jain","Analytics"
"8 rules for new age analytics learning!","Kunal Jain","career"
"8 rules for new age analytics learning!","Kunal Jain","learning"
"8 rules for new age analytics learning!","Kunal Jain","machine learning"
"Freelancing consultant - SAS, India's leading travel portal","Kunal Jain","consultant"
"Freelancing consultant - SAS, India's leading travel portal","Kunal Jain","freelancing"
"Freelancing consultant - SAS, India's leading travel portal","Kunal Jain","SAS"
"Consultant / Sr. Associate Consultant, Indus Insights","Kunal Jain","consultant"
"Consultant / Sr. Associate Consultant, Indus Insights","Kunal Jain","gurgaon"
"Consultant / Sr. Associate Consultant, Indus Insights","Kunal Jain","job"
"Excitement going up at Analytics Vidhya (and I can't stop smiling)!","Kunal Jain","anniversary"
"Excitement going up at Analytics Vidhya (and I can't stop smiling)!","Kunal Jain","jobs"
"Excitement going up at Analytics Vidhya (and I can't stop smiling)!","Kunal Jain","training"
"SAS vs. R (vs. Python) - which tool should I learn?","Kunal Jain","Analytics"
"SAS vs. R (vs. Python) - which tool should I learn?","Kunal Jain","Business Analytics"
"SAS vs. R (vs. Python) - which tool should I learn?","Kunal Jain","python"
"SAS vs. R (vs. Python) - which tool should I learn?","Kunal Jain","R"
"SAS vs. R (vs. Python) - which tool should I learn?","Kunal Jain","SAS"
"Sr Business Analyst - Analytics - BFSI - Startup (3-5 yrs)","Kunal Jain","Business Analytics"
"Sr Business Analyst - Analytics - BFSI - Startup (3-5 yrs)","Kunal Jain","insurance"
"Sr Business Analyst - Analytics - BFSI - Startup (3-5 yrs)","Kunal Jain","start-up"
"Head - Data Infrastructure, Banking (10-16 yrs)","Kunal Jain","banking"
"Head - Data Infrastructure, Banking (10-16 yrs)","Kunal Jain","data infrastructure"
"Head - Data Infrastructure, Banking (10-16 yrs)","Kunal Jain","reporting"
"Head - Data Infrastructure, Banking (10-16 yrs)","Kunal Jain","strategy"
"Head - Data Infrastructure, Banking (10-16 yrs)","Kunal Jain","team management"
"Head – Machine Learning, Hiring Domain start-up (8-14 yrs)","Kunal Jain","data management"
"Head – Machine Learning, Hiring Domain start-up (8-14 yrs)","Kunal Jain","job"
"Head – Machine Learning, Hiring Domain start-up (8-14 yrs)","Kunal Jain","machine learning"
"Head – Machine Learning, Hiring Domain start-up (8-14 yrs)","Kunal Jain","product development"
"Head – Machine Learning, Hiring Domain start-up (8-14 yrs)","Kunal Jain","start-up"
"Part III - Interview with Mr. Srikanth Velamakanni, CEO, Fractal Analytics","Kunal Jain","Big data"
"Part III - Interview with Mr. Srikanth Velamakanni, CEO, Fractal Analytics","Kunal Jain","career"
"Part III - Interview with Mr. Srikanth Velamakanni, CEO, Fractal Analytics","Kunal Jain","career advice"
"Part III - Interview with Mr. Srikanth Velamakanni, CEO, Fractal Analytics","Kunal Jain","data scientist"
"Part III - Interview with Mr. Srikanth Velamakanni, CEO, Fractal Analytics","Kunal Jain","Fractal"
"Part III - Interview with Mr. Srikanth Velamakanni, CEO, Fractal Analytics","Kunal Jain","interview"
"Part III - Interview with Mr. Srikanth Velamakanni, CEO, Fractal Analytics","Kunal Jain","Srikanth Velamakanni"
"Interview with Mr. Srikanth Velamakanni, CEO, Fractal Analytics - Part II","Kunal Jain","attrition"
"Interview with Mr. Srikanth Velamakanni, CEO, Fractal Analytics - Part II","Kunal Jain","Fractal"
"Interview with Mr. Srikanth Velamakanni, CEO, Fractal Analytics - Part II","Kunal Jain","hiring"
"Interview with Mr. Srikanth Velamakanni, CEO, Fractal Analytics - Part II","Kunal Jain","interview"
"Interview with Mr. Srikanth Velamakanni, CEO, Fractal Analytics","Kunal Jain","Capital One"
"Interview with Mr. Srikanth Velamakanni, CEO, Fractal Analytics","Kunal Jain","CItibank"
"Interview with Mr. Srikanth Velamakanni, CEO, Fractal Analytics","Kunal Jain","Fractal"
"Interview with Mr. Srikanth Velamakanni, CEO, Fractal Analytics","Kunal Jain","ICICI"
"Interview with Mr. Srikanth Velamakanni, CEO, Fractal Analytics","Kunal Jain","interview"
"Interview with Mr. Srikanth Velamakanni, CEO, Fractal Analytics","Kunal Jain","Srikanth Velamakanni"
"Interview with Mr. Srikanth Velamakanni, CEO, Fractal Analytics","Kunal Jain","startup"
"Tools for improving structured thinking (for analysts)","Kunal Jain","Business Analyst"
"Tools for improving structured thinking (for analysts)","Kunal Jain","Business Analytics"
"Tools for improving structured thinking (for analysts)","Kunal Jain","discussion"
"Tools for improving structured thinking (for analysts)","Kunal Jain","presentation"
"Tools for improving structured thinking (for analysts)","Kunal Jain","structured thinking"
"Tools for improving structured thinking (for analysts)","Kunal Jain","structured writing"
"Maintaining fearless monk-like attitude while leading Analytics teams","Kunal Jain","Analytics"
"Maintaining fearless monk-like attitude while leading Analytics teams","Kunal Jain","attitude"
"Maintaining fearless monk-like attitude while leading Analytics teams","Kunal Jain","leadership"
"Progress on the resolutions for 2014 - Analytical trainings and books","Kunal Jain","book"
"Progress on the resolutions for 2014 - Analytical trainings and books","Kunal Jain","python"
"Progress on the resolutions for 2014 - Analytical trainings and books","Kunal Jain","resolutions"
"Progress on the resolutions for 2014 - Analytical trainings and books","Kunal Jain","self development"
"Progress on the resolutions for 2014 - Analytical trainings and books","Kunal Jain","training"
"Tips for creating a winning dashboard","Kunal Jain","Dashboard"
"Tips for creating a winning dashboard","Kunal Jain","data visualization"
"Tips for creating a winning dashboard","Kunal Jain","Qlikview"
"Tips for creating a winning dashboard","Kunal Jain","visualization"
"Debate between benefits from big data and compromise on user privacy","Kunal Jain","Big data"
"Debate between benefits from big data and compromise on user privacy","Kunal Jain","customer privacy"
"Debate between benefits from big data and compromise on user privacy","Kunal Jain","privacy"
"Starting a big-data analytics practice? Answer these questions first","Kunal Jain","Analytics"
"Starting a big-data analytics practice? Answer these questions first","Kunal Jain","Big data"
"Starting a big-data analytics practice? Answer these questions first","Kunal Jain","starting analytics"
"Starting a big-data analytics practice? Answer these questions first","Kunal Jain","team formation"
"My resolutions for 2014","Kunal Jain","2014"
"My resolutions for 2014","Kunal Jain","community"
"My resolutions for 2014","Kunal Jain","python"
"My resolutions for 2014","Kunal Jain","R"
"My resolutions for 2014","Kunal Jain","resolutions"
"Highlights of 2013 for Analytics Vidhya","Kunal Jain","Analytics training"
"Highlights of 2013 for Analytics Vidhya","Kunal Jain","Analytics Vidhya"
"Highlights of 2013 for Analytics Vidhya","Kunal Jain","Business Analytics"
"Highlights of 2013 for Analytics Vidhya","Kunal Jain","clustering"
"Highlights of 2013 for Analytics Vidhya","Kunal Jain","Linear-regression"
"Highlights of 2013 for Analytics Vidhya","Kunal Jain","Qlikview"
"Highlights of 2013 for Analytics Vidhya","Kunal Jain","regression"
"Highlights of 2013 for Analytics Vidhya","Kunal Jain","SAS"
"Highlights of 2013 for Analytics Vidhya","Kunal Jain","Segmentation"
"Framework to check accuracy of your datasets","Kunal Jain","Analytics"
"Framework to check accuracy of your datasets","Kunal Jain","Business Analytics"
"Framework to check accuracy of your datasets","Kunal Jain","Business Intelligence"
"Framework to check accuracy of your datasets","Kunal Jain","data accuracy"
"Framework to check accuracy of your datasets","Kunal Jain","errors"
"Framework to check accuracy of your datasets","Kunal Jain","intelligence"
"Interview with data scientist and top Kaggler, Mr. Steve Donoho","Kunal Jain","Analytics"
"Interview with data scientist and top Kaggler, Mr. Steve Donoho","Kunal Jain","Business Analytics"
"Interview with data scientist and top Kaggler, Mr. Steve Donoho","Kunal Jain","data scientist"
"Interview with data scientist and top Kaggler, Mr. Steve Donoho","Kunal Jain","interview"
"Interview with data scientist and top Kaggler, Mr. Steve Donoho","Kunal Jain","kaggle"
"Interview with data scientist and top Kaggler, Mr. Steve Donoho","Kunal Jain","kaggler"
"Review: Tableau 8.1","Kunal Jain","Business Intelligence"
"Review: Tableau 8.1","Kunal Jain","data discovery"
"Review: Tableau 8.1","Kunal Jain","Features"
"Review: Tableau 8.1","Kunal Jain","Review"
"Review: Tableau 8.1","Kunal Jain","tableau"
"Review: Tableau 8.1","Kunal Jain","Tableau 8.1"
"Simple manipulations to extract maximum information out of your data","Kunal Jain","Analytics"
"Simple manipulations to extract maximum information out of your data","Kunal Jain","Business Analytics"
"Simple manipulations to extract maximum information out of your data","Kunal Jain","data manipulation"
"Simple manipulations to extract maximum information out of your data","Kunal Jain","data mining"
"Simple manipulations to extract maximum information out of your data","Kunal Jain","data transformation"
"Questions to ask while designing A/B (or multi-variate) testing","Kunal Jain","A/B testing"
"Questions to ask while designing A/B (or multi-variate) testing","Kunal Jain","Analytics"
"Questions to ask while designing A/B (or multi-variate) testing","Kunal Jain","designing test"
"Questions to ask while designing A/B (or multi-variate) testing","Kunal Jain","experimentation"
"Questions to ask while designing A/B (or multi-variate) testing","Kunal Jain","multivariate testing"
"Questions to ask while designing A/B (or multi-variate) testing","Kunal Jain","testing"
"Analytics training recommendations from last 2 months","Kunal Jain","graph"
"Analytics training recommendations from last 2 months","Kunal Jain","network analysis"
"Analytics training recommendations from last 2 months","Kunal Jain","R"
"Analytics training recommendations from last 2 months","Kunal Jain","tableau"
"Analytics training recommendations from last 2 months","Kunal Jain","training"
"Analytics training recommendations from last 2 months","Kunal Jain","web analytics"
"Must read books (and blogs) on Web Analytics","Kunal Jain","avinash kaushik"
"Must read books (and blogs) on Web Analytics","Kunal Jain","blogs"
"Must read books (and blogs) on Web Analytics","Kunal Jain","books"
"Must read books (and blogs) on Web Analytics","Kunal Jain","Business Analytics"
"Must read books (and blogs) on Web Analytics","Kunal Jain","web analytics"
"Four rules for creating insightful and actionable reports (or metrics)","Kunal Jain","actionable insights"
"Four rules for creating insightful and actionable reports (or metrics)","Kunal Jain","Business Analytics"
"Four rules for creating insightful and actionable reports (or metrics)","Kunal Jain","Business Intelligence"
"Four rules for creating insightful and actionable reports (or metrics)","Kunal Jain","insightful reports"
"Four rules for creating insightful and actionable reports (or metrics)","Kunal Jain","insights"
"Four rules for creating insightful and actionable reports (or metrics)","Kunal Jain","Jobs- MIS"
"Four rules for creating insightful and actionable reports (or metrics)","Kunal Jain","reporting"
"News: Edvancer Eduventures start CBAP course in Mumbai","Kunal Jain","Analytics training"
"News: Edvancer Eduventures start CBAP course in Mumbai","Kunal Jain","Business Analytics"
"News: Edvancer Eduventures start CBAP course in Mumbai","Kunal Jain","Business Intelligence"
"News: Edvancer Eduventures start CBAP course in Mumbai","Kunal Jain","career"
"News: Edvancer Eduventures start CBAP course in Mumbai","Kunal Jain","job"
"News: Edvancer Eduventures start CBAP course in Mumbai","Kunal Jain","training"
"Segmentation of customers for effective implementation of analytical projects","Kunal Jain","customer segmentation"
"Segmentation of customers for effective implementation of analytical projects","Kunal Jain","ianalytics"
"Segmentation of customers for effective implementation of analytical projects","Kunal Jain","implementation"
"Segmentation of customers for effective implementation of analytical projects","Kunal Jain","implementation strategy"
"Segmentation of customers for effective implementation of analytical projects","Kunal Jain","Segmentation"
"Five habits of highly successful analysts","Kunal Jain","Analytics"
"Five habits of highly successful analysts","Kunal Jain","Business Analyst"
"Five habits of highly successful analysts","Kunal Jain","Business Analytics"
"Five habits of highly successful analysts","Kunal Jain","Business Intelligence"
"Five habits of highly successful analysts","Kunal Jain","successful analyst"
"Taking a new job in Analytics? Ask these 5 questions first!","Kunal Jain","Business Analyst"
"Taking a new job in Analytics? Ask these 5 questions first!","Kunal Jain","Business Analytics"
"Taking a new job in Analytics? Ask these 5 questions first!","Kunal Jain","interview"
"Taking a new job in Analytics? Ask these 5 questions first!","Kunal Jain","interview questions"
"Taking a new job in Analytics? Ask these 5 questions first!","Kunal Jain","job"
"Taking a new job in Analytics? Ask these 5 questions first!","Kunal Jain","questions"
"Must read books on data visualization","Kunal Jain","books"
"Must read books on data visualization","Kunal Jain","Business Analytics"
"Must read books on data visualization","Kunal Jain","Business Intelligence"
"Must read books on data visualization","Kunal Jain","data visualization"
"Must read books on data visualization","Kunal Jain","visualization"
"How to create a High performance Analytics team?","Kunal Jain","Analytics"
"How to create a High performance Analytics team?","Kunal Jain","Business Analyst"
"How to create a High performance Analytics team?","Kunal Jain","Business Analytics"
"How to create a High performance Analytics team?","Kunal Jain","high performance analytics"
"Upcoming trends in data visualization","Kunal Jain","Analytics"
"Upcoming trends in data visualization","Kunal Jain","Big data"
"Upcoming trends in data visualization","Kunal Jain","Business Analytics"
"Upcoming trends in data visualization","Kunal Jain","visualization"
"Common myths about a career in Business Analytics: Busted!","Kunal Jain","Analytics"
"Common myths about a career in Business Analytics: Busted!","Kunal Jain","Business Analytics"
"Common myths about a career in Business Analytics: Busted!","Kunal Jain","career"
"Importance of Segmentation and how to create one?","Kunal Jain","Business Analytics"
"Importance of Segmentation and how to create one?","Kunal Jain","Segmentation"
"Importance of Segmentation and how to create one?","Kunal Jain","web analytics"
"How to create compelling analytical stories using infographics?","Kunal Jain","Business Analytics"
"How to create compelling analytical stories using infographics?","Kunal Jain","infographics"
"How to create compelling analytical stories using infographics?","Kunal Jain","visualization"
"Common data preparation mistakes and how to avoid them?","Kunal Jain","bias"
"Common data preparation mistakes and how to avoid them?","Kunal Jain","Business Analyst"
"Common data preparation mistakes and how to avoid them?","Kunal Jain","Business Analytics"
"Common data preparation mistakes and how to avoid them?","Kunal Jain","Business Intelligence"
"Common data preparation mistakes and how to avoid them?","Kunal Jain","error"
"How freshers can ace interviews for Business Analytics roles?","Kunal Jain","analyst"
"How freshers can ace interviews for Business Analytics roles?","Kunal Jain","Analytics"
"How freshers can ace interviews for Business Analytics roles?","Kunal Jain","Business Analyst"
"How freshers can ace interviews for Business Analytics roles?","Kunal Jain","Business Analytics"
"How freshers can ace interviews for Business Analytics roles?","Kunal Jain","interview"
"Nine productivity boosting tips for SAS Enterprise Guide Users","Kunal Jain","Analytics"
"Nine productivity boosting tips for SAS Enterprise Guide Users","Kunal Jain","Business Analytics"
"Nine productivity boosting tips for SAS Enterprise Guide Users","Kunal Jain","productivity"
"Nine productivity boosting tips for SAS Enterprise Guide Users","Kunal Jain","SAS"
"Nine productivity boosting tips for SAS Enterprise Guide Users","Kunal Jain","SAS EG"
"Nine productivity boosting tips for SAS Enterprise Guide Users","Kunal Jain","SAS Enterprise Guide"
"Nine productivity boosting tips for SAS Enterprise Guide Users","Kunal Jain","tips"
"What is big data and how is big data architecture designed?","Kunal Jain","Big data"
"What is big data and how is big data architecture designed?","Kunal Jain","big data solution"
"What is big data and how is big data architecture designed?","Kunal Jain","Business Analytics"
"What is big data and how is big data architecture designed?","Kunal Jain","Hadoop"
"What is big data and how is big data architecture designed?","Kunal Jain","Mapreduce"
"What is big data and how is big data architecture designed?","Kunal Jain","web analytics"
"Must read books for Analysts (or people interested in Analytics)","Kunal Jain","Analytics training"
"Must read books for Analysts (or people interested in Analytics)","Kunal Jain","books"
"Must read books for Analysts (or people interested in Analytics)","Kunal Jain","Business Analytics"
"Must read books for Analysts (or people interested in Analytics)","Kunal Jain","Business Intelligence"
"Must read books for Analysts (or people interested in Analytics)","Kunal Jain","training"
"How to become an analytics rockstar?","Kunal Jain","Analytics training"
"How to become an analytics rockstar?","Kunal Jain","Business Analyst"
"How to become an analytics rockstar?","Kunal Jain","Business Analytics"
"How to become an analytics rockstar?","Kunal Jain","Business Intelligence"
"How to become an analytics rockstar?","Kunal Jain","training"
"How to start a career in Business Analytics?","Kunal Jain","Analytics training"
"How to start a career in Business Analytics?","Kunal Jain","Business Analytics"
"How to start a career in Business Analytics?","Kunal Jain","Business Intelligence"
"How to start a career in Business Analytics?","Kunal Jain","career"
"How to start a career in Business Analytics?","Kunal Jain","job"
"How to start a career in Business Analytics?","Kunal Jain","training"
"How to create Financial models flawlessly?","Kunal Jain","Business Analytics"
"How to create Financial models flawlessly?","Kunal Jain","Business Intelligence"
"How to create Financial models flawlessly?","Kunal Jain","Excel"
"How to create Financial models flawlessly?","Kunal Jain","excel modeling"
"How to create Financial models flawlessly?","Kunal Jain","financial modeling"
"Advanced analytics certifications in India","Kunal Jain","Analytics training"
"Advanced analytics certifications in India","Kunal Jain","Business Analytics"
"Advanced analytics certifications in India","Kunal Jain","Business Intelligence"
"Advanced analytics certifications in India","Kunal Jain","training"
"Common mistakes analysts make during analysis and how to avoid them?","Kunal Jain","bias"
"Common mistakes analysts make during analysis and how to avoid them?","Kunal Jain","Business Analyst"
"Common mistakes analysts make during analysis and how to avoid them?","Kunal Jain","Business Analytics"
"Common mistakes analysts make during analysis and how to avoid them?","Kunal Jain","error"
"The art of structured thinking and analyzing","Kunal Jain","Business Analyst"
"The art of structured thinking and analyzing","Kunal Jain","Business Analytics"
"The art of structured thinking and analyzing","Kunal Jain","structured thinking"
"How to implement an analytics solution for a business problem?","Kunal Jain","Analytics"
"How to implement an analytics solution for a business problem?","Kunal Jain","BA"
"How to implement an analytics solution for a business problem?","Kunal Jain","Business Analytics"
"How to implement an analytics solution for a business problem?","Kunal Jain","Business Intelligence"
"How to implement an analytics solution for a business problem?","Kunal Jain","Project management"
"What is Business Analytics and which tools are used for analysis?","Kunal Jain","Big data"
"What is Business Analytics and which tools are used for analysis?","Kunal Jain","Business Analytics"
"What is Business Analytics and which tools are used for analysis?","Kunal Jain","Excel"
"What is Business Analytics and which tools are used for analysis?","Kunal Jain","Hadoop"
"What is Business Analytics and which tools are used for analysis?","Kunal Jain","SAS"
"Limitations of Pre vs. Post analysis and Importance of testing","Kunal Jain","A/B testing"
"Limitations of Pre vs. Post analysis and Importance of testing","Kunal Jain","Business Analytics"
"Limitations of Pre vs. Post analysis and Importance of testing","Kunal Jain","Business Discovery"
"Limitations of Pre vs. Post analysis and Importance of testing","Kunal Jain","experiments"
"Limitations of Pre vs. Post analysis and Importance of testing","Kunal Jain","testing"
"How to apply web analytics for e-Commerce websites?","Kunal Jain","Business Analytics"
"How to apply web analytics for e-Commerce websites?","Kunal Jain","customer journey"
"How to apply web analytics for e-Commerce websites?","Kunal Jain","google analytics"
"How to apply web analytics for e-Commerce websites?","Kunal Jain","web analytics"
"How to identify a good (and bad) Business Analyst?","Kunal Jain","BA"
"How to identify a good (and bad) Business Analyst?","Kunal Jain","Business Analyst"
"How to identify a good (and bad) Business Analyst?","Kunal Jain","interview"
"How to identify a good (and bad) Business Analyst?","Kunal Jain","managing analysts"
"How to identify a good (and bad) Business Analyst?","Kunal Jain","skills"
"Creating a simple and effective Sales dashboard (with Qlikview) – Part 2","Kunal Jain","box chart"
"Creating a simple and effective Sales dashboard (with Qlikview) – Part 2","Kunal Jain","Business Discovery"
"Creating a simple and effective Sales dashboard (with Qlikview) – Part 2","Kunal Jain","Business Intelligence"
"Creating a simple and effective Sales dashboard (with Qlikview) – Part 2","Kunal Jain","Dashboard"
"Creating a simple and effective Sales dashboard (with Qlikview) – Part 2","Kunal Jain","Qlikview"
"Creating a simple and effective Sales dashboard (with Qlikview)","Kunal Jain","Business Discovery"
"Creating a simple and effective Sales dashboard (with Qlikview)","Kunal Jain","Business Intelligence"
"Creating a simple and effective Sales dashboard (with Qlikview)","Kunal Jain","Dashboard"
"Creating a simple and effective Sales dashboard (with Qlikview)","Kunal Jain","Qlikview"
"Joining / Merging in SAS – alternate approaches (including really efficient ones!)","Kunal Jain","Business Analytics"
"Joining / Merging in SAS – alternate approaches (including really efficient ones!)","Kunal Jain","Merge"
"Joining / Merging in SAS – alternate approaches (including really efficient ones!)","Kunal Jain","PROC format"
"Joining / Merging in SAS – alternate approaches (including really efficient ones!)","Kunal Jain","SAS"
"Basics of Predictive modeling","Kunal Jain","Analytics"
"Basics of Predictive modeling","Kunal Jain","Business Analytics"
"Basics of Predictive modeling","Kunal Jain","case study"
"Basics of Predictive modeling","Kunal Jain","Predictive modeling"
"Welcome to Analytics Vidhya!","Kunal Jain","Analytics"
"Welcome to Analytics Vidhya!","Kunal Jain","Analytics Vidhya"
"Welcome to Analytics Vidhya!","Kunal Jain","Business Analytics"
"Understanding and analyzing the hidden structures of unstructured dataset","Tavish Srivastava","analyzing data"
"Understanding and analyzing the hidden structures of unstructured dataset","Tavish Srivastava","data cleaning"
"Understanding and analyzing the hidden structures of unstructured dataset","Tavish Srivastava","R"
"Understanding and analyzing the hidden structures of unstructured dataset","Tavish Srivastava","text mining"
"Understanding and analyzing the hidden structures of unstructured dataset","Tavish Srivastava","unstructured data"
"Step by step guide to extract inforation from unstructured data","Tavish Srivastava","Hadoop"
"Step by step guide to extract inforation from unstructured data","Tavish Srivastava","R"
"Step by step guide to extract inforation from unstructured data","Tavish Srivastava","SAS"
"Step by step guide to extract inforation from unstructured data","Tavish Srivastava","Text analytics"
"Step by step guide to extract inforation from unstructured data","Tavish Srivastava","text mining"
"Step by step guide to extract inforation from unstructured data","Tavish Srivastava","unstructured data"
"Visualizing a market Basket analysis","Tavish Srivastava","market basket analysis"
"Visualizing a market Basket analysis","Tavish Srivastava","R"
"Visualizing a market Basket analysis","Tavish Srivastava","Retail"
"Visualizing a market Basket analysis","Tavish Srivastava","strategy"
"Visualizing a market Basket analysis","Tavish Srivastava","Text analytics"
"Visualizing a market Basket analysis","Tavish Srivastava","text mining"
"Visualizing a market Basket analysis","Tavish Srivastava","transactions analysis"
"How to interpret hidden state in Latent Markov Model","Tavish Srivastava","forecasting"
"How to interpret hidden state in Latent Markov Model","Tavish Srivastava","hidden states"
"How to interpret hidden state in Latent Markov Model","Tavish Srivastava","Latent-Markov"
"How to interpret hidden state in Latent Markov Model","Tavish Srivastava","Markov"
"How to interpret hidden state in Latent Markov Model","Tavish Srivastava","Markov-chain"
"How to interpret hidden state in Latent Markov Model","Tavish Srivastava","ownership"
"Solve a business case using simple Markov Chain","Tavish Srivastava","Advanced Analytics"
"Solve a business case using simple Markov Chain","Tavish Srivastava","conditional probability"
"Solve a business case using simple Markov Chain","Tavish Srivastava","Latent-Markov"
"Solve a business case using simple Markov Chain","Tavish Srivastava","Loans"
"Solve a business case using simple Markov Chain","Tavish Srivastava","Markov-chain"
"Solve a business case using simple Markov Chain","Tavish Srivastava","Next Gen analytics"
"Solve a business case using simple Markov Chain","Tavish Srivastava","probabilistic model"
"Solve a business case using simple Markov Chain","Tavish Srivastava","retail bank"
"Solve a business case using simple Markov Chain","Tavish Srivastava","transition probability"
"Introduction to Markov chain : simplified!","Tavish Srivastava","Advanced Analytics"
"Introduction to Markov chain : simplified!","Tavish Srivastava","Latent-Markov"
"Introduction to Markov chain : simplified!","Tavish Srivastava","Markov"
"Introduction to Markov chain : simplified!","Tavish Srivastava","Markov-chain"
"Introduction to Markov chain : simplified!","Tavish Srivastava","next-generation-analytics"
"Introduction to Markov chain : simplified!","Tavish Srivastava","predictive-model"
"Who is the world cheering for? 2014 FIFA WC winner predicted using Twitter feed (in R)","Tavish Srivastava","2014"
"Who is the world cheering for? 2014 FIFA WC winner predicted using Twitter feed (in R)","Tavish Srivastava","FIFA"
"Who is the world cheering for? 2014 FIFA WC winner predicted using Twitter feed (in R)","Tavish Srivastava","R"
"Who is the world cheering for? 2014 FIFA WC winner predicted using Twitter feed (in R)","Tavish Srivastava","sentiment analysis"
"Who is the world cheering for? 2014 FIFA WC winner predicted using Twitter feed (in R)","Tavish Srivastava","twitter"
"Using Facebook as an analyst (Hint - using R)","Tavish Srivastava","facebook"
"Using Facebook as an analyst (Hint - using R)","Tavish Srivastava","facebook mining"
"Using Facebook as an analyst (Hint - using R)","Tavish Srivastava","R"
"Using Facebook as an analyst (Hint - using R)","Tavish Srivastava","twitter"
"Using Facebook as an analyst (Hint - using R)","Tavish Srivastava","Twitter Mining"
"Using Facebook as an analyst (Hint - using R)","Tavish Srivastava","user network"
"Part 2 : Random forest vs. CART model","Tavish Srivastava","cart"
"Part 2 : Random forest vs. CART model","Tavish Srivastava","CHAID"
"Part 2 : Random forest vs. CART model","Tavish Srivastava","comparison"
"Part 2 : Random forest vs. CART model","Tavish Srivastava","decision tree"
"Part 2 : Random forest vs. CART model","Tavish Srivastava","random forest"
"Comparing a CART model to Random Forest","Tavish Srivastava","Analytics"
"Comparing a CART model to Random Forest","Tavish Srivastava","cart"
"Comparing a CART model to Random Forest","Tavish Srivastava","CHAID"
"Comparing a CART model to Random Forest","Tavish Srivastava","data mining"
"Comparing a CART model to Random Forest","Tavish Srivastava","decision tree"
"Comparing a CART model to Random Forest","Tavish Srivastava","random forest"
"Introduction to Random forest - Simplified","Tavish Srivastava","cart"
"Introduction to Random forest - Simplified","Tavish Srivastava","CHAID"
"Introduction to Random forest - Simplified","Tavish Srivastava","decision tree"
"Introduction to Random forest - Simplified","Tavish Srivastava","machine learning"
"Introduction to Random forest - Simplified","Tavish Srivastava","R"
"Introduction to Random forest - Simplified","Tavish Srivastava","random forest"
"Data manipulations in Hadoop - using MapReduce","Tavish Srivastava","Analytics"
"Data manipulations in Hadoop - using MapReduce","Tavish Srivastava","Big data"
"Data manipulations in Hadoop - using MapReduce","Tavish Srivastava","Hadoop"
"Data manipulations in Hadoop - using MapReduce","Tavish Srivastava","hdfs"
"Data manipulations in Hadoop - using MapReduce","Tavish Srivastava","Mapreduce"
"Data manipulations in Hadoop - using MapReduce","Tavish Srivastava","tricky codes"
"Introduction to MapReduce","Tavish Srivastava","Analytics"
"Introduction to MapReduce","Tavish Srivastava","applications of map reduce"
"Introduction to MapReduce","Tavish Srivastava","bigdata"
"Introduction to MapReduce","Tavish Srivastava","Hadoop"
"Introduction to MapReduce","Tavish Srivastava","mapper"
"Introduction to MapReduce","Tavish Srivastava","Mapreduce"
"Introduction to MapReduce","Tavish Srivastava","reducer"
"What is Hadoop? - Simplified!","Tavish Srivastava","Analytics"
"What is Hadoop? - Simplified!","Tavish Srivastava","Big data"
"What is Hadoop? - Simplified!","Tavish Srivastava","Hadoop"
"What is Hadoop? - Simplified!","Tavish Srivastava","Mapreduce"
"What is Hadoop? - Simplified!","Tavish Srivastava","R"
"4 Tricky R interview questions","Tavish Srivastava","Coding"
"4 Tricky R interview questions","Tavish Srivastava","programming"
"4 Tricky R interview questions","Tavish Srivastava","Programming R"
"4 Tricky R interview questions","Tavish Srivastava","R"
"4 Tricky R interview questions","Tavish Srivastava","SAS vs R"
"4 Tricky R interview questions","Tavish Srivastava","tricky questions"
"Building a word cloud using R","Tavish Srivastava","Mining"
"Building a word cloud using R","Tavish Srivastava","R"
"Building a word cloud using R","Tavish Srivastava","read text"
"Building a word cloud using R","Tavish Srivastava","Text analytics"
"Building a word cloud using R","Tavish Srivastava","text mining"
"Building a word cloud using R","Tavish Srivastava","Twitter Mining"
"Building a word cloud using R","Tavish Srivastava","Word Cloud"
"Framework to build survival analysis model on R","Tavish Srivastava","Analytics"
"Framework to build survival analysis model on R","Tavish Srivastava","Cox"
"Framework to build survival analysis model on R","Tavish Srivastava","Hazard function"
"Framework to build survival analysis model on R","Tavish Srivastava","Programming R"
"Framework to build survival analysis model on R","Tavish Srivastava","R"
"Framework to build survival analysis model on R","Tavish Srivastava","survival analysis"
"Framework to build survival analysis model on R","Tavish Srivastava","survival analysis applications"
"Is survival analysis the right model for you?","Tavish Srivastava","Analytics"
"Is survival analysis the right model for you?","Tavish Srivastava","Descriptive modelling"
"Is survival analysis the right model for you?","Tavish Srivastava","statistics"
"Is survival analysis the right model for you?","Tavish Srivastava","survival analysis"
"Is survival analysis the right model for you?","Tavish Srivastava","survival analysis applications"
"Tricky Base SAS interview questions : Part-II","Tavish Srivastava","Analytics"
"Tricky Base SAS interview questions : Part-II","Tavish Srivastava","base SAS"
"Tricky Base SAS interview questions : Part-II","Tavish Srivastava","big data solution"
"Tricky Base SAS interview questions : Part-II","Tavish Srivastava","Business Analytics"
"Tricky Base SAS interview questions : Part-II","Tavish Srivastava","interview questions"
"Tricky Base SAS interview questions : Part-II","Tavish Srivastava","SAS"
"Tricky Base SAS interview questions : Part-II","Tavish Srivastava","SAS EG"
"Tricky Base SAS interview questions : Part-II","Tavish Srivastava","tough questioncs"
"Tricky Base SAS interview questions : Part-II","Tavish Srivastava","tricky questions"
"Probability in action - Could Monty Hall have made more money?","Tavish Srivastava","3 doors"
"Probability in action - Could Monty Hall have made more money?","Tavish Srivastava","Analytics"
"Probability in action - Could Monty Hall have made more money?","Tavish Srivastava","conditional probability"
"Probability in action - Could Monty Hall have made more money?","Tavish Srivastava","Monty Hall"
"Probability in action - Could Monty Hall have made more money?","Tavish Srivastava","probability"
"Probability in action - Could Monty Hall have made more money?","Tavish Srivastava","puzzle"
"Probability in action - Could Monty Hall have made more money?","Tavish Srivastava","three doors"
"Solving Accuracy vs. Cost using probabilities (with case study)","Tavish Srivastava","analysis"
"Solving Accuracy vs. Cost using probabilities (with case study)","Tavish Srivastava","Analytics"
"Solving Accuracy vs. Cost using probabilities (with case study)","Tavish Srivastava","business analysis"
"Solving Accuracy vs. Cost using probabilities (with case study)","Tavish Srivastava","case study"
"Solving Accuracy vs. Cost using probabilities (with case study)","Tavish Srivastava","conditional probability"
"Solving Accuracy vs. Cost using probabilities (with case study)","Tavish Srivastava","decision making"
"Solving Accuracy vs. Cost using probabilities (with case study)","Tavish Srivastava","probability"
"How analytics help organizations becoming customer centric","Tavish Srivastava","Analytics"
"How analytics help organizations becoming customer centric","Tavish Srivastava","Business Analytics"
"How analytics help organizations becoming customer centric","Tavish Srivastava","customer centric"
"How analytics help organizations becoming customer centric","Tavish Srivastava","customer focus"
"How analytics help organizations becoming customer centric","Tavish Srivastava","customer modeling"
"How analytics help organizations becoming customer centric","Tavish Srivastava","marketing strategy"
"How analytics help organizations becoming customer centric","Tavish Srivastava","product centric"
"How analytics help organizations becoming customer centric","Tavish Srivastava","Segmentation"
"Learn Analytics using a business case study : Part III","Tavish Srivastava","Business Analytics"
"Learn Analytics using a business case study : Part III","Tavish Srivastava","case study"
"Learn Analytics using a business case study : Part III","Tavish Srivastava","customer centric"
"Learn Analytics using a business case study : Part III","Tavish Srivastava","implementation strategy"
"Learn Analytics using a business case study : Part III","Tavish Srivastava","marketing"
"Learn Analytics using a business case study : Part II","Tavish Srivastava","analysis"
"Learn Analytics using a business case study : Part II","Tavish Srivastava","Analytics"
"Learn Analytics using a business case study : Part II","Tavish Srivastava","business"
"Learn Analytics using a business case study : Part II","Tavish Srivastava","case study"
"Learn Analytics using a business case study : Part II","Tavish Srivastava","marketing analytics"
"Learn Analytics using a business case study : Part II","Tavish Srivastava","mass media"
"Learn Analytics using a business case study : Part II","Tavish Srivastava","portfolio"
"Learn Analytics using a business case study : Part II","Tavish Srivastava","theme"
"Learn Analytics using a business case study : Part I","Tavish Srivastava","analysis"
"Learn Analytics using a business case study : Part I","Tavish Srivastava","big data solution"
"Learn Analytics using a business case study : Part I","Tavish Srivastava","Business Analytics"
"Learn Analytics using a business case study : Part I","Tavish Srivastava","case study"
"Learn Analytics using a business case study : Part I","Tavish Srivastava","datamarts"
"Learn Analytics using a business case study : Part I","Tavish Srivastava","startup"
"Demystifying LinkedIn using probabilities","Tavish Srivastava","application"
"Demystifying LinkedIn using probabilities","Tavish Srivastava","Business Analytics"
"Demystifying LinkedIn using probabilities","Tavish Srivastava","conditional probability"
"Demystifying LinkedIn using probabilities","Tavish Srivastava","linkedin"
"Demystifying LinkedIn using probabilities","Tavish Srivastava","probability"
"An analytics interview case study ","Tavish Srivastava","Analytics"
"An analytics interview case study ","Tavish Srivastava","Analytics training"
"An analytics interview case study ","Tavish Srivastava","Business Analytics"
"An analytics interview case study ","Tavish Srivastava","case study"
"An analytics interview case study ","Tavish Srivastava","expected value"
"An analytics interview case study ","Tavish Srivastava","interview"
"Tips to train your brain on Analytical thinking","Tavish Srivastava","Business Analytics"
"Tips to train your brain on Analytical thinking","Tavish Srivastava","Predictive-power"
"Tips to train your brain on Analytical thinking","Tavish Srivastava","structured thinking"
"Framework to build logistic regression in a rare event population","Tavish Srivastava","Analytics"
"Framework to build logistic regression in a rare event population","Tavish Srivastava","biased"
"Framework to build logistic regression in a rare event population","Tavish Srivastava","false positive"
"Framework to build logistic regression in a rare event population","Tavish Srivastava","logistic"
"Framework to build logistic regression in a rare event population","Tavish Srivastava","logistic regression"
"Framework to build logistic regression in a rare event population","Tavish Srivastava","rare event"
"Framework to build logistic regression in a rare event population","Tavish Srivastava","regression"
"Framework to build logistic regression in a rare event population","Tavish Srivastava","sample"
"Tips to crack a guess estimate (Analytics case study)","Tavish Srivastava","Analytics"
"Tips to crack a guess estimate (Analytics case study)","Tavish Srivastava","case study"
"Tips to crack a guess estimate (Analytics case study)","Tavish Srivastava","estimate"
"Tips to crack a guess estimate (Analytics case study)","Tavish Srivastava","guess estimates"
"Tips to crack a guess estimate (Analytics case study)","Tavish Srivastava","interview"
"Extracting right variables for your Regression model","Tavish Srivastava","Analytics"
"Extracting right variables for your Regression model","Tavish Srivastava","Business Analytics"
"Extracting right variables for your Regression model","Tavish Srivastava","create variables"
"Extracting right variables for your Regression model","Tavish Srivastava","Linear-regression"
"Extracting right variables for your Regression model","Tavish Srivastava","logistic regression"
"Extracting right variables for your Regression model","Tavish Srivastava","regression"
"Extracting right variables for your Regression model","Tavish Srivastava","select variables"
"Extracting right variables for your Regression model","Tavish Srivastava","variable selection"
"How do banks identify the next best product need of its customer?","Tavish Srivastava","Analytics"
"How do banks identify the next best product need of its customer?","Tavish Srivastava","banks"
"How do banks identify the next best product need of its customer?","Tavish Srivastava","Business Analytics"
"How do banks identify the next best product need of its customer?","Tavish Srivastava","campaign"
"How do banks identify the next best product need of its customer?","Tavish Srivastava","customer segmentation"
"How do banks identify the next best product need of its customer?","Tavish Srivastava","Segmentation"
"How do banks identify the next best product need of its customer?","Tavish Srivastava","targeting"
"How do banks identify the next best product need of its customer?","Tavish Srivastava","X-sell"
"Diagnosing residual plots in linear regression model","Tavish Srivastava","Business Analytics"
"Diagnosing residual plots in linear regression model","Tavish Srivastava","Linear-regression"
"Diagnosing residual plots in linear regression model","Tavish Srivastava","Predictive modeling"
"Diagnosing residual plots in linear regression model","Tavish Srivastava","regression"
"Diagnosing residual plots in linear regression model","Tavish Srivastava","Residual"
"Diagnosing residual plots in linear regression model","Tavish Srivastava","residual plots"
"Diagnosing residual plots in linear regression model","Tavish Srivastava","SAS"
"Diagnosing residual plots in linear regression model","Tavish Srivastava","validation"
"Some tricky SAS interview questions","Tavish Srivastava","Analytics"
"Some tricky SAS interview questions","Tavish Srivastava","base SAS"
"Some tricky SAS interview questions","Tavish Srivastava","Business Analytics"
"Some tricky SAS interview questions","Tavish Srivastava","interview"
"Some tricky SAS interview questions","Tavish Srivastava","interview questions"
"Some tricky SAS interview questions","Tavish Srivastava","SAS"
"Challenges using Clustering with uniform population","Tavish Srivastava","Analytics"
"Challenges using Clustering with uniform population","Tavish Srivastava","Business Analytics"
"Challenges using Clustering with uniform population","Tavish Srivastava","clustering"
"Challenges using Clustering with uniform population","Tavish Srivastava","Segmentation"
"Challenges using Clustering with uniform population","Tavish Srivastava","uniform population"
"How to perform clustering analysis","Tavish Srivastava","Analytics"
"How to perform clustering analysis","Tavish Srivastava","Business Analytics"
"How to perform clustering analysis","Tavish Srivastava","clustering"
"How to perform clustering analysis","Tavish Srivastava","portfolio clustering"
"Application of Envelopment Analysis to business problems","Tavish Srivastava","Analytics"
"Application of Envelopment Analysis to business problems","Tavish Srivastava","bank branches"
"Application of Envelopment Analysis to business problems","Tavish Srivastava","efficiency"
"Application of Envelopment Analysis to business problems","Tavish Srivastava","efficient frontier"
"Application of Envelopment Analysis to business problems","Tavish Srivastava","envelopment"
"Application of Envelopment Analysis to business problems","Tavish Srivastava","inefficient branches"
"Application of Envelopment Analysis to business problems","Tavish Srivastava","optimization"
"Festive season special: Building models on seasonal data","Tavish Srivastava","Analytics"
"Festive season special: Building models on seasonal data","Tavish Srivastava","Analytics training"
"Festive season special: Building models on seasonal data","Tavish Srivastava","BA"
"Festive season special: Building models on seasonal data","Tavish Srivastava","bias"
"Festive season special: Building models on seasonal data","Tavish Srivastava","Business Analyst"
"Festive season special: Building models on seasonal data","Tavish Srivastava","Descriptive modelling"
"Festive season special: Building models on seasonal data","Tavish Srivastava","Out of time"
"Festive season special: Building models on seasonal data","Tavish Srivastava","Predictive modeling"
"Festive season special: Building models on seasonal data","Tavish Srivastava","SAS"
"Festive season special: Building models on seasonal data","Tavish Srivastava","Seasonality"
"Festive season special: Building models on seasonal data","Tavish Srivastava","training"
"Trick to enhance power of Regression model","Tavish Srivastava","Business Analytics"
"Trick to enhance power of Regression model","Tavish Srivastava","decision tree"
"Trick to enhance power of Regression model","Tavish Srivastava","Predictive modeling"
"Trick to enhance power of Regression model","Tavish Srivastava","regression"
